,"K=1000, T=1, prior_sigma=100","K=1000, T=1, prior_sigma=10","K=1000, T=1, prior_sigma=1","K=1000, T=1, prior_sigma=0.1","K=1000, T=1, prior_sigma=0.01","K=1000, T=1, prior_sigma=0.001"
Accuracy,0.7889,0.8528,0.8581,0.8658,0.8821,0.1
Entropy,2.0457746982574463,1.423383116722107,0.8087117671966553,0.6531124711036682,0.9155601263046265,2.2812814712524414
LPD,-1.3914700746536255,-0.7296695709228516,-0.48550930619239807,-0.4382229447364807,-0.492159366607666,-2.3155252933502197
ECE,0.5048399567604065,0.2989858388900757,0.12178298830986023,0.07887327671051025,0.14965656399726868,0.037749968469142914
MCE,0.5968689918518066,0.3678637742996216,0.1968536525964737,0.1342759132385254,0.8050132989883423,0.037749968469142914
OOD,2.159022808074951,1.8468233346939087,1.3657853603363037,0.9473630785942078,1.3865113258361816,2.260009527206421
