,"K=10, T=1, prior_sigma=10","K=10, T=1, prior_sigma=1","K=10, T=1, prior_sigma=0.1","K=10, T=1, prior_sigma=0.01","K=10, T=1, prior_sigma=0.001","K=10, T=1, prior_sigma=0.0001","K=10, T=1, prior_sigma=1e-05","K=10, T=1, prior_sigma=1e-06"
Accuracy,0.9092,0.9097,0.9042,0.859,0.8706,0.5745,0.252,0.1
Entropy,0.8590100407600403,0.7185617685317993,1.007739543914795,1.6518958806991577,1.7298204898834229,2.1700327396392822,2.2626092433929443,2.2463176250457764
LPD,-0.43099433183670044,-0.38465505838394165,-0.517053484916687,-1.0245542526245117,-0.9783802628517151,-1.6760444641113281,-2.1297123432159424,-2.3367652893066406
ECE,0.17430460453033447,0.14035534858703613,0.23414532840251923,0.45148929953575134,0.4566574990749359,0.354763388633728,0.08695678412914276,0.07648012787103653
MCE,0.25506317615509033,0.22421669960021973,0.307739794254303,0.5231587886810303,0.523085355758667,0.6863583326339722,0.08695678412914276,0.0764802023768425
OOD,1.6453946828842163,1.626588225364685,1.7467964887619019,1.9369438886642456,2.102908134460449,2.219496488571167,2.210538148880005,2.2258715629577637
